Time Stamp,available_memory_MB,app_pss_MB,battery_level_percentage,battery_temperature_celcius,battery_current_now_milliamps,power_count_neg,power_count_pos,power_current,power_current_neg,power_current_pos,power_level_state,power_voltage,power_wattage,power_wattage_neg,power_wattage_pos,iad_millimeter,shader_hitches,cpu_level,gpu_level,cpu_frequency_MHz,gpu_frequency_MHz,mem_frequency_MHz,minimum_vsyncs,extra_latency_mode,phase_sync_mode,average_frame_rate,display_refresh_rate,average_prediction_microseconds,icfl_mean_microseconds,icfl_stdev_microseconds,slice_headroom_mean_microseconds,slice_headroom_stdev_microseconds,slice_gpu_start_delay_min_microseconds,slice_gpu_start_delay_max_microseconds,screen_tear_count,early_frame_count,stale_frame_count,direct_render_frame_count,total_layer_count,merged_layer_count,maximum_rotational_speed_degrees_per_second,eye_texture_scale_factor,foveation_mode,foveation_level,dynamic_foveation_enabled,eye_tracked_foveation_latency_milliseconds,symmetric_fov,eye_buffer_width,eye_buffer_height,swap_chain_width,swap_chain_height,overlay_buffer_width,overlay_buffer_height,overlay_buffer_transfer_function,front_buffer_width,front_buffer_height,app_gpu_time_microseconds,timewarp_gpu_time_microseconds,guardian_gpu_time_microseconds,spc_gpu_time_microseconds,local_dimming_enabled,cabc_enabled,temporal_dimming_enabled,temporal_dimming_gain,cpu_utilization_percentage,cpu_utilization_percentage_core0,cpu_utilization_percentage_core1,cpu_utilization_percentage_core2,cpu_utilization_percentage_core3,cpu_utilization_percentage_core4,cpu_utilization_percentage_core5,cpu_utilization_percentage_core6,cpu_utilization_percentage_core7,gpu_utilization_percentage,spacewarp_motion_vector_type,spacewarped_frames_per_second,extrapolation_factor_mean,extrapolation_factor_rms,data_extrapolation_factor_mean,data_extrapolation_factor_rms,app_vss_MB,app_rss_MB,app_uss_MB,app_dalvik_pss_MB,app_private_dirty_MB,app_private_clean_MB,app_gpu_physical_MB,app_gpu_virtual_MB,app_gpu_allocated_percentage,stale_frames_consecutive,max_repeated_frames,skipped_frames,face_tracking_overall_latency_milliseconds,face_tracking_processing_latency_milliseconds,face_tracking_frame_to_frame_latency_milliseconds,face_tracking_frames_dropped,face_tracking_frames_per_second,eye_tracking_overall_latency_milliseconds,eye_tracking_processing_latency_milliseconds,eye_tracking_frame_to_frame_latency_milliseconds,eye_tracking_frames_dropped,eye_tracking_frames_per_second,hand_tracking_overall_latency_milliseconds,hand_tracking_processing_latency_milliseconds,hand_tracking_frame_to_frame_latency_milliseconds,hand_tracking_frames_dropped,hand_tracking_frames_per_second,dynres_recommendation_percentage,dynres_recommendation_width,dynres_recommendation_height,app_frame_throttle,taa_frames_processed_per_second,taa_quality_level,taa_fovea_radius,taa_upscaling_quality,taa_image_width,taa_image_height,avg_vertices_per_frame,avg_fill_percentage,avg_inst_per_frag,avg_inst_per_vert,avg_frag_inst_per_pixel,avg_vert_inst_per_pixel,avg_textures_per_frag,percent_time_shading_frags,percent_time_shading_verts,percent_time_compute,percent_vertex_fetch_stall,percent_texture_fetch_stall,percent_texture_l1_miss,percent_texture_l2_miss,percent_texture_nearest_filtered,percent_texture_linear_filtered,percent_texture_anisotropic_filtered,vrshell_average_frame_rate,vrshell_gpu_time_microseconds,vrshell_and_guardian_gpu_time_microseconds,render_scale,main_thread_cpu_time_microseconds,render_thread_cpu_time_microseconds,phase_sync_wait_time_microseconds
1000,2323,1793,96,31,9999,0,0,1293,0,0,0,4290,5546,0,0,63,0,4,4,2361,599,2000,1,0,4,66,72,53879,18327,549,3025,975,154,1520,0,8,6,72,1,0,0,10,0,0,0,0,0,1680,1760,1680,1760,0,0,0,4128,2208,13460,1058,0,0,0,1,0,100,96,93,93,93,93,96,96,0,0,94,0,0,0,0,0,0,9437,1901,1776,0,1677,99,628,628,100,2,1,0,0,0,0,0,0,0,0,0,0,0,0,0,0,0,0,0,0,0,100,0,0,0,0,0,0,115,335,194,113,856,6,4,97,3,0,11,5,29,17,51,37,0,0,0,0,100,0,0,0
2001,2323,1793,96,31,9999,0,0,603,0,0,0,4290,2586,0,0,63,0,4,4,2361,599,2000,1,0,4,67,72,50871,17037,379,2082,462,140,1063,0,3,13,72,1,0,0,10,0,0,0,0,0,1680,1760,1680,1760,0,0,0,4128,2208,13672,1042,0,0,0,1,0,100,85,76,74,74,74,85,81,0,0,97,0,0,0,0,0,0,9437,1901,1776,0,1677,99,628,628,100,2,1,0,0,0,0,0,0,0,0,0,0,0,0,0,0,0,0,0,0,0,100,0,0,0,0,0,0,127,355,179,109,819,7,3,97,3,0,9,6,32,15,40,46,0,0,0,0,100,0,0,0
3001,2323,1793,96,31,9999,0,0,906,0,0,0,4235,3836,0,0,63,0,4,4,2361,599,2000,1,0,4,65,72,50867,16518,324,1590,344,78,1439,0,3,12,72,1,0,0,10,0,0,0,0,0,1680,1760,1680,1760,0,0,0,4128,2208,14992,1331,0,0,0,1,0,100,73,42,44,38,32,65,73,0,0,98,0,0,0,0,0,0,9437,1901,1776,0,1677,99,628,628,100,2,1,0,0,0,0,0,0,0,0,0,0,0,0,0,0,0,0,0,0,0,100,0,0,0,0,0,0,126,485,152,108,887,6,3,97,3,0,9,6,31,14,36,51,0,0,0,0,100,0,0,0
4001,2323,1793,96,31,9999,0,0,641,0,0,0,4235,2714,0,0,63,0,4,4,2361,599,2000,1,0,4,61,72,53996,16465,358,1351,389,143,1367,1,7,14,14,2,0,0,10,0,0,0,0,0,1680,1760,1680,1760,0,0,0,4128,2208,14823,1433,0,0,0,1,0,100,68,60,62,58,29,68,68,0,0,99,0,0,0,0,0,0,9437,1901,1776,0,1677,99,628,628,100,2,1,0,0,0,0,0,0,0,0,0,0,0,0,0,0,0,0,0,0,0,100,0,0,0,0,0,0,139,518,150,108,930,7,3,97,3,0,9,6,31,15,36,51,0,0,0,0,100,0,0,0
5001,2323,1793,96,31,9999,0,0,534,0,0,0,4235,2261,0,0,63,0,4,4,2361,640,2000,1,0,4,59,72,58215,16535,389,1445,295,140,1320,0,8,13,0,2,0,0,10,0,0,0,0,0,1680,1760,1680,1760,0,0,0,4128,2208,14856,1447,0,0,0,1,0,100,63,56,54,52,28,63,61,0,0,99,0,0,0,0,0,0,9437,1901,1776,0,1677,99,628,628,100,1,1,0,0,0,0,0,0,0,0,0,0,0,0,0,0,0,0,0,0,0,100,0,0,0,0,0,0,134,379,197,113,984,7,4,97,3,0,9,5,31,14,36,51,0,0,0,0,100,0,0,0
6001,2323,1793,96,31,9999,0,0,50,0,0,0,4235,211,0,0,63,0,4,4,2361,640,2000,1,0,4,59,72,58215,16535,389,1445,295,140,1320,0,8,13,0,2,0,0,10,0,0,0,0,0,1680,1760,1680,1760,0,0,0,4128,2208,14856,1447,0,0,0,1,0,100,63,56,54,52,28,63,61,0,0,99,0,0,0,0,0,0,9437,1901,1776,0,1677,99,628,628,100,1,1,0,0,0,0,0,0,0,0,0,0,0,0,0,0,0,0,0,0,0,100,0,0,0,0,0,0,0,0,86,120,51,0,2,100,0,0,7,6,33,48,0,100,0,0,0,0,100,0,0,0
7001,2323,1793,96,31,9999,0,0,127,0,0,0,4235,537,0,0,63,0,4,4,2361,640,2000,1,0,4,59,72,58215,16535,389,1445,295,140,1320,0,8,13,0,2,0,0,10,0,0,0,0,0,1680,1760,1680,1760,0,0,0,4128,2208,14856,1447,0,0,0,1,0,100,63,56,54,52,28,63,61,0,0,99,0,0,0,0,0,0,9437,1901,1776,0,1677,99,628,628,100,1,1,0,0,0,0,0,0,0,0,0,0,0,0,0,0,0,0,0,0,0,100,0,0,0,0,0,0,0,5,86,120,60,0,2,100,0,0,7,5,33,48,0,100,0,0,0,0,100,0,0,0
17003,2323,1793,96,31,9999,0,0,610,0,0,0,4313,2630,0,0,63,0,4,4,2361,456,2000,1,0,4,60,72,51402,15670,318,975,184,66,730,0,43,16,72,1,0,0,10,0,0,0,0,0,1680,1760,1680,1760,0,0,0,4128,2208,15418,1082,0,0,0,1,0,100,72,29,38,26,22,72,62,0,0,75,0,0,0,0,0,0,9437,1901,1776,0,1677,99,628,628,100,16,5,0,0,0,0,0,0,0,0,0,0,0,0,0,0,0,0,0,0,0,100,0,0,0,0,0,0,177,412,185,133,976,12,3,96,4,0,13,4,26,23,43,41,0,0,0,0,100,0,0,0
18054,1907,2077,96,31,9999,0,0,647,0,0,0,4313,2790,0,0,63,0,4,4,2361,456,2000,1,0,4,67,72,56444,16015,695,1139,372,68,1434,0,34,9,73,1,0,0,10,0,0,0,0,0,1680,1760,1680,1760,0,0,0,4128,2208,16295,1098,0,0,0,1,0,100,73,37,36,30,29,73,72,0,0,89,0,0,0,0,0,0,9911,2190,2059,0,1964,94,889,889,100,5,1,0,0,0,0,0,0,0,0,0,0,0,0,0,0,0,0,0,0,0,100,0,0,0,0,0,0,137,324,188,134,802,9,3,96,4,0,14,4,29,21,36,47,1,0,0,0,100,0,0,0
19003,1907,2077,96,31,9999,0,0,409,0,0,0,4313,1764,0,0,63,0,4,4,2361,456,2000,1,0,4,62,72,47681,16289,272,1310,340,76,1463,0,8,18,73,1,0,0,10,0,0,0,0,0,1680,1760,1680,1760,0,0,0,4128,2208,14263,1106,0,0,0,1,0,100,69,37,35,30,22,69,69,0,0,96,0,0,0,0,0,0,9911,2190,2059,0,1964,94,889,889,100,6,1,0,0,0,0,0,0,0,0,0,0,0,0,0,0,0,0,0,0,0,100,0,0,0,0,0,0,151,354,187,135,872,10,3,96,4,0,15,4,27,24,42,42,0,0,0,0,100,0,0,0
20003,1907,2077,96,31,9999,0,0,1221,0,0,0,4313,5266,0,0,63,0,4,4,2361,456,2000,1,0,4,64,72,51123,16223,322,1383,265,138,1357,0,7,8,73,1,0,0,10,0,0,0,0,0,1680,1760,1680,1760,0,0,0,4128,2208,12353,1078,0,0,0,1,0,100,77,44,45,38,41,75,77,0,0,97,0,0,0,0,0,0,9911,2190,2059,0,1964,94,889,889,100,2,1,0,0,0,0,0,0,0,0,0,0,0,0,0,0,0,0,0,0,0,100,0,0,0,0,0,0,172,384,185,132,911,11,3,96,4,0,14,4,27,22,37,46,0,0,0,0,100,0,0,0
21003,1907,2077,96,31,9999,0,0,1524,0,0,0,4313,6573,0,0,63,0,4,4,2361,456,2000,1,0,4,72,72,46597,15969,367,1220,240,146,647,0,0,0,72,1,0,0,10,0,0,0,0,0,1680,1760,1680,1760,0,0,0,4128,2208,13668,1098,0,0,0,1,0,100,95,86,87,86,87,95,95,0,0,98,0,0,0,0,0,0,9911,2190,2059,0,1964,94,889,889,100,0,0,0,0,0,0,0,0,0,0,0,0,0,0,0,0,0,0,0,0,0,100,0,0,0,0,0,0,143,337,183,134,794,9,3,96,4,0,14,4,27,23,41,42,0,0,0,0,100,0,0,0
22003,1907,2077,96,31,9999,0,0,1119,0,0,0,4313,4826,0,0,63,0,4,4,2361,456,2000,1,0,4,69,72,47450,16133,323,1277,326,142,1442,1,3,12,73,1,0,0,10,0,0,0,0,0,1680,1760,1680,1760,0,0,0,4128,2208,14535,1092,0,0,0,1,0,100,83,68,68,65,63,80,83,0,0,99,0,0,0,0,0,0,9911,2190,2059,0,1964,94,889,889,100,3,1,0,0,0,0,0,0,0,0,0,0,0,0,0,0,0,0,0,0,0,100,0,0,0,0,0,0,134,318,190,135,794,9,3,96,4,0,14,4,28,22,36,46,1,0,0,0,100,0,0,0
23004,1907,2077,96,31,9999,0,0,527,0,0,0,4265,2247,0,0,63,0,4,4,2361,456,2000,1,0,4,63,72,51141,16284,320,1402,300,144,1374,0,1,8,73,1,0,0,10,0,0,0,0,0,1680,1760,1680,1760,0,0,0,4128,2208,14162,1093,0,0,0,1,0,100,76,34,34,32,24,68,76,0,0,99,0,0,0,0,0,0,9911,2190,2059,0,1964,94,889,889,100,2,1,0,0,0,0,0,0,0,0,0,0,0,0,0,0,0,0,0,0,0,100,0,0,0,0,0,0,168,376,189,134,920,11,3,96,4,0,14,4,25,22,49,37,0,0,0,0,100,0,0,0
24004,1907,2077,96,31,9999,0,0,906,0,0,0,4265,3864,0,0,63,0,4,4,2361,456,2000,1,0,4,69,72,47799,16134,345,1374,217,139,1264,0,0,4,72,1,0,0,10,0,0,0,0,0,1680,1760,1680,1760,0,0,0,4128,2208,12521,1135,0,0,0,1,0,100,75,39,36,32,29,66,75,0,0,99,0,0,0,0,0,0,9911,2190,2059,0,1964,94,889,889,100,2,1,0,0,0,0,0,0,0,0,0,0,0,0,0,0,0,0,0,0,0,100,0,0,0,0,0,0,152,363,179,133,829,10,3,96,4,0,14,4,27,24,36,46,1,0,0,0,100,0,0,0
25004,1907,2077,96,31,9999,0,0,949,0,0,0,4265,4047,0,0,63,0,4,4,2208,640,2000,1,0,4,71,72,45982,16027,350,1224,209,136,1191,0,0,2,72,1,0,0,10,0,0,0,0,0,1680,1760,1680,1760,0,0,0,4128,2208,12638,1136,0,0,0,1,0,100,71,54,54,50,24,68,71,0,0,99,0,0,0,0,0,0,9911,2190,2059,0,1964,94,889,889,100,2,1,0,0,0,0,0,0,0,0,0,0,0,0,0,0,0,0,0,0,0,100,0,0,0,0,0,0,131,335,178,131,765,8,3,96,3,0,15,4,28,23,42,43,0,0,0,0,100,0,0,0
26003,1907,2077,96,31,9999,0,0,808,0,0,0,4265,3446,0,0,63,0,4,4,2208,640,2000,1,0,4,68,72,48606,16075,321,1291,266,146,1417,1,1,9,73,1,0,0,10,0,0,0,0,0,1680,1760,1680,1760,0,0,0,4128,2208,13549,1081,0,0,0,1,0,100,75,38,41,31,27,75,69,0,0,99,0,0,0,0,0,0,9911,2190,2059,0,1964,94,889,889,100,2,1,0,0,0,0,0,0,0,0,0,0,0,0,0,0,0,0,0,0,0,100,0,0,0,0,0,0,147,429,162,139,852,10,3,96,4,0,16,6,32,14,33,49,0,0,0,0,100,0,0,0
27004,1907,2077,96,31,9999,0,0,707,0,0,0,4265,3015,0,0,63,0,4,4,2208,640,2000,1,0,4,66,72,48259,15950,272,1264,269,138,1378,0,9,7,72,1,0,0,10,0,0,0,0,0,1680,1760,1680,1760,0,0,0,4128,2208,12688,1076,0,0,0,1,0,100,73,35,34,29,24,73,67,0,0,99,0,0,0,0,0,0,9911,2190,2059,0,1964,94,889,889,100,1,1,0,0,0,0,0,0,0,0,0,0,0,0,0,0,0,0,0,0,0,100,0,0,0,0,0,0,167,408,165,133,841,11,3,95,4,0,16,5,29,21,37,46,0,0,0,0,100,0,0,0
28004,1907,2077,96,31,9999,0,0,660,0,0,0,4265,2814,0,0,63,0,4,4,2208,640,2000,1,0,4,67,72,49479,16101,290,1340,250,140,834,0,2,8,72,1,0,0,10,0,0,0,0,0,1680,1760,1680,1760,0,0,0,4128,2208,15221,1120,0,0,0,1,0,100,75,42,34,29,34,73,75,0,0,99,0,0,0,0,0,0,9911,2190,2059,0,1964,94,889,889,100,2,1,0,0,0,0,0,0,0,0,0,0,0,0,0,0,0,0,0,0,0,100,0,0,0,0,0,0,138,359,160,143,730,10,3,95,4,1,18,6,32,16,36,47,0,0,0,0,100,0,0,0
29004,1907,2077,96,31,9999,0,0,704,0,0,0,4265,3002,0,0,63,0,4,4,2208,640,2000,1,0,4,58,72,53122,16165,356,1327,297,147,1299,0,9,15,73,1,0,0,10,0,0,0,0,0,1680,1760,1680,1760,0,0,0,4128,2208,14502,1107,0,0,0,1,0,100,77,37,34,33,25,74,77,0,0,99,0,0,0,0,0,0,9911,2190,2059,0,1964,94,889,889,100,1,1,0,0,0,0,0,0,0,0,0,0,0,0,0,0,0,0,0,0,0,100,0,0,0,0,0,0,185,420,178,132,956,12,3,95,4,0,15,5,28,21,45,40,0,0,0,0,100,0,0,0
30004,1907,2077,96,31,9999,0,0,1011,0,0,0,4265,4311,0,0,63,0,4,4,2208,640,2000,1,0,4,65,72,47410,16025,346,1257,211,138,1152,0,1,10,72,1,0,0,10,0,0,0,0,0,1680,1760,1680,1760,0,0,0,4128,2208,13720,1102,0,0,0,1,0,100,83,47,48,44,41,71,83,0,0,99,0,0,0,0,0,0,9911,2190,2059,0,1964,94,889,889,100,2,1,0,0,0,0,0,0,0,0,0,0,0,0,0,0,0,0,0,0,0,100,0,0,0,0,0,0,152,306,180,136,740,10,3,95,5,1,15,4,27,24,40,44,0,0,0,0,100,0,0,0
31004,1907,2077,96,31,9999,0,0,1345,0,0,0,4265,5736,0,0,63,0,4,4,2208,640,2000,1,0,4,61,72,51141,16228,505,1269,301,147,1435,0,4,14,73,1,0,0,10,0,0,0,0,0,1680,1760,1680,1760,0,0,0,4128,2208,15747,1085,0,0,0,1,0,100,97,90,90,90,88,96,97,0,0,99,0,0,0,0,0,0,9911,2190,2059,0,1964,94,889,889,100,2,1,0,0,0,0,0,0,0,0,0,0,0,0,0,0,0,0,0,0,0,100,0,0,0,0,0,0,169,379,190,128,940,11,4,96,4,0,13,4,25,25,48,38,0,0,0,0,100,0,0,0
32004,1907,2077,96,31,9999,0,0,46,0,0,0,4265,196,0,0,63,0,4,4,2208,640,2000,1,0,4,61,72,51141,16228,505,1269,301,147,1435,0,4,14,73,1,0,0,10,0,0,0,0,0,1680,1760,1680,1760,0,0,0,4128,2208,15747,1085,0,0,0,1,0,100,97,90,90,90,88,96,97,0,0,99,0,0,0,0,0,0,9911,2190,2059,0,1964,94,889,889,100,2,1,0,0,0,0,0,0,0,0,0,0,0,0,0,0,0,0,0,0,0,100,0,0,0,0,0,0,0,0,42,111,-15,0,1,99,1,0,10,22,36,49,0,100,0,0,0,0,100,0,0,0
33004,1907,2077,96,31,9999,0,0,30,0,0,0,4307,129,0,0,63,0,4,4,2208,640,2000,1,0,4,61,72,51141,16228,505,1269,301,147,1435,0,4,14,73,1,0,0,10,0,0,0,0,0,1680,1760,1680,1760,0,0,0,4128,2208,15747,1085,0,0,0,1,0,100,97,90,90,90,88,96,97,0,0,99,0,0,0,0,0,0,9911,2190,2059,0,1964,94,889,889,100,2,1,0,0,0,0,0,0,0,0,0,0,0,0,0,0,0,0,0,0,0,100,0,0,0,0,0,0,0,0,42,111,-15,0,1,99,1,0,10,21,36,49,0,100,0,0,0,0,100,0,0,0
34005,1907,2077,96,31,9999,0,0,68,0,0,0,4307,292,0,0,63,0,4,4,2208,640,2000,1,0,4,61,72,51141,16228,505,1269,301,147,1435,0,4,14,73,1,0,0,10,0,0,0,0,0,1680,1760,1680,1760,0,0,0,4128,2208,15747,1085,0,0,0,1,0,100,97,90,90,90,88,96,97,0,0,99,0,0,0,0,0,0,9911,2190,2059,0,1964,94,889,889,100,2,1,0,0,0,0,0,0,0,0,0,0,0,0,0,0,0,0,0,0,0,100,0,0,0,0,0,0,0,5,42,111,-10,0,1,99,1,0,9,21,36,49,0,100,0,0,0,0,100,0,0,0
42004,1824,2273,96,32,9999,0,0,162,0,0,0,4307,697,0,0,63,0,4,4,2208,545,2000,1,0,4,20,72,54338,16525,336,1799,546,65,1954,2,12,53,73,1,0,0,10,0,0,0,0,0,1680,1760,1680,1760,0,0,0,4128,2208,12090,1074,0,0,0,1,0,100,94,73,74,74,82,89,94,0,0,36,0,0,0,0,0,0,9911,2383,2255,0,2162,93,888,888,100,231,180,0,0,0,0,0,0,0,0,0,0,0,0,0,0,0,0,0,0,0,100,0,0,0,0,0,0,450,999,182,133,999,31,3,96,4,0,7,5,28,25,35,49,0,0,0,0,100,0,0,0
43006,1824,2273,96,32,9999,0,0,492,0,0,0,4300,2115,0,0,63,0,4,4,2208,545,2000,1,0,4,66,72,48461,16220,347,1524,318,67,1396,0,32,10,73,1,0,0,10,0,0,0,0,0,1680,1760,1680,1760,0,0,0,4128,2208,11580,1079,0,0,0,1,0,100,66,38,34,33,24,66,64,0,0,73,0,0,0,0,0,0,9911,2383,2255,0,2162,93,888,888,100,10,4,0,0,0,0,0,0,0,0,0,0,0,0,0,0,0,0,0,0,0,100,0,0,0,0,0,0,133,306,187,131,770,9,4,97,3,0,11,4,26,25,54,34,0,0,0,0,100,0,0,0
44005,1824,2273,96,32,9999,0,0,707,0,0,0,4300,3040,0,0,63,0,4,4,2208,545,2000,1,0,4,70,72,51070,16092,364,1343,399,150,1453,0,16,1,72,1,0,0,10,0,0,0,0,0,1680,1760,1680,1760,0,0,0,4128,2208,11577,1044,0,0,0,1,0,100,75,42,36,32,31,54,75,0,0,88,0,0,0,0,0,0,9911,2383,2255,0,2162,93,888,888,100,1,1,0,0,0,0,0,0,0,0,0,0,0,0,0,0,0,0,0,0,0,100,0,0,0,0,0,0,149,342,181,132,796,10,3,96,4,0,10,4,28,23,37,46,1,0,0,0,100,0,0,0
45005,1824,2273,96,32,9999,0,0,871,0,0,0,4300,3745,0,0,63,0,4,4,1920,640,2000,1,0,4,64,72,45596,16132,358,1342,244,137,1358,0,4,14,72,1,0,0,10,0,0,0,0,0,1680,1760,1680,1760,0,0,0,4128,2208,14048,1109,0,0,0,1,0,100,71,42,32,31,29,71,68,0,0,94,0,0,0,0,0,0,9911,2383,2255,0,2162,93,888,888,100,9,1,0,0,0,0,0,0,0,0,0,0,0,0,0,0,0,0,0,0,0,100,0,0,0,0,0,0,137,321,196,130,845,9,4,97,3,0,11,4,25,25,57,32,0,0,0,0,100,0,0,0
46005,1824,2273,96,32,9999,0,0,978,0,0,0,4300,4205,0,0,63,0,4,4,1920,640,2000,1,0,4,66,72,48342,16106,329,1314,258,68,1247,0,16,8,72,1,0,0,10,0,0,0,0,0,1680,1760,1680,1760,0,0,0,4128,2208,11933,1115,0,0,0,1,0,100,78,53,51,47,31,69,78,0,0,96,0,0,0,0,0,0,9911,2383,2255,0,2162,93,888,888,100,2,1,0,0,0,0,0,0,0,0,0,0,0,0,0,0,0,0,0,0,0,100,0,0,0,0,0,0,159,368,183,133,864,10,3,96,4,0,10,4,28,23,37,46,1,0,0,0,100,0,0,0
47005,1824,2273,96,32,9999,0,0,670,0,0,0,4300,2881,0,0,63,0,4,4,1920,640,2000,1,0,4,72,72,36343,15956,343,1209,187,144,626,0,0,0,72,1,0,0,10,0,0,0,0,0,1680,1760,1680,1760,0,0,0,4128,2208,11805,1091,0,0,0,1,0,100,77,45,43,39,35,77,77,0,0,95,0,0,0,0,0,0,9911,2383,2255,0,2162,93,888,888,100,0,0,0,0,0,0,0,0,0,0,0,0,0,0,0,0,0,0,0,0,0,100,0,0,0,0,0,0,125,289,200,132,774,8,4,97,3,0,10,4,25,24,57,32,0,0,0,0,100,0,0,0
48005,1824,2273,96,32,9999,0,0,569,0,0,0,4300,2446,0,0,63,0,4,4,1920,640,2000,1,0,4,69,72,41775,15737,324,996,202,68,1412,1,10,10,73,1,0,0,10,0,0,0,0,0,1680,1760,1680,1760,0,0,0,4128,2208,13836,1102,0,0,0,1,0,100,78,36,36,37,31,77,78,0,0,96,0,0,0,0,0,0,9911,2383,2255,0,2162,93,888,888,100,6,1,0,0,0,0,0,0,0,0,0,0,0,0,0,0,0,0,0,0,0,100,0,0,0,0,0,0,144,341,180,128,791,9,3,96,4,0,10,3,29,24,35,48,1,0,0,0,100,0,0,0
49005,1824,2273,96,32,9999,0,0,502,0,0,0,4300,2158,0,0,63,0,4,4,1920,640,2000,1,0,4,66,72,49479,16091,314,1370,264,75,1459,0,0,9,72,1,0,0,10,0,0,0,0,0,1680,1760,1680,1760,0,0,0,4128,2208,12561,1053,0,0,0,1,0,100,73,42,40,34,24,73,73,0,0,97,0,0,0,0,0,0,9911,2383,2255,0,2162,93,888,888,100,2,1,0,0,0,0,0,0,0,0,0,0,0,0,0,0,0,0,0,0,0,100,0,0,0,0,0,0,150,339,192,128,856,9,4,96,4,0,11,4,25,24,54,33,0,0,0,0,100,0,0,0
50006,1824,2273,96,32,9999,0,0,1190,0,0,0,4300,5117,0,0,63,0,4,4,1920,640,2000,1,0,4,71,72,45364,16125,346,1450,314,71,1599,1,0,3,73,1,0,0,10,0,0,0,0,0,1680,1760,1680,1760,0,0,0,4128,2208,11866,1077,0,0,0,1,0,100,82,62,58,57,50,82,77,0,0,97,0,0,0,0,0,0,9911,2383,2255,0,2162,93,888,888,100,3,1,0,0,0,0,0,0,0,0,0,0,0,0,0,0,0,0,0,0,0,100,0,0,0,0,0,0,148,345,177,133,780,10,3,96,4,0,10,4,28,23,36,46,1,0,0,0,100,0,0,0
51006,1824,2273,96,32,9999,0,0,1060,0,0,0,4300,4558,0,0,63,0,4,4,1920,640,2000,1,0,4,72,72,36424,16076,693,1356,255,147,683,0,0,0,72,1,0,0,10,0,0,0,0,0,1680,1760,1680,1760,0,0,0,4128,2208,11801,1096,0,0,0,1,0,100,97,88,89,89,87,94,97,0,0,95,0,0,0,0,0,0,9911,2383,2255,0,2162,93,888,888,100,0,0,0,0,0,0,0,0,0,0,0,0,0,0,0,0,0,0,0,0,0,100,0,0,0,0,0,0,145,330,181,132,770,9,3,96,4,0,10,3,28,23,37,46,1,0,0,0,100,0,0,0
52005,1824,2273,96,32,9999,0,0,675,0,0,0,4300,2902,0,0,63,0,4,4,1920,640,2000,1,0,4,70,72,41570,16059,342,1238,328,139,1430,0,0,9,73,1,0,0,10,0,0,0,0,0,1680,1760,1680,1760,0,0,0,4128,2208,12753,1100,0,0,0,1,0,100,81,59,56,53,54,76,81,0,0,96,0,0,0,0,0,0,9911,2383,2255,0,2162,93,888,888,100,5,1,0,0,0,0,0,0,0,0,0,0,0,0,0,0,0,0,0,0,0,100,0,0,0,0,0,0,154,352,178,133,801,10,3,96,4,0,11,4,28,23,36,46,1,0,0,0,100,0,0,0
53005,1824,2273,96,32,9999,0,0,625,0,0,0,4246,2653,0,0,63,0,4,4,1920,640,2000,1,0,4,72,72,37388,16046,316,1327,293,139,603,0,0,0,72,1,0,0,10,0,0,0,0,0,1680,1760,1680,1760,0,0,0,4128,2208,12286,1083,0,0,0,1,0,100,76,36,32,28,22,76,70,0,0,96,0,0,0,0,0,0,9911,2383,2255,0,2162,93,888,888,100,0,0,0,0,0,0,0,0,0,0,0,0,0,0,0,0,0,0,0,0,0,100,0,0,0,0,0,0,144,332,177,130,754,9,3,96,4,0,10,4,28,23,37,46,1,0,0,0,100,0,0,0
54006,1824,2273,96,32,9999,0,0,570,0,0,0,4246,2420,0,0,63,0,4,4,1920,640,2000,1,0,4,71,72,38940,15839,302,1084,271,137,1273,0,0,4,73,1,0,0,10,0,0,0,0,0,1680,1760,1680,1760,0,0,0,4128,2208,11816,1088,0,0,0,1,0,100,76,39,30,34,30,76,71,0,0,95,0,0,0,0,0,0,9911,2383,2255,0,2162,93,888,888,100,3,1,0,0,0,0,0,0,0,0,0,0,0,0,0,0,0,0,0,0,0,100,0,0,0,0,0,0,162,341,179,128,781,10,3,95,4,0,11,4,28,22,39,44,1,0,0,0,100,0,0,0
55006,1824,2273,96,32,9999,0,0,862,0,0,0,4246,3660,0,0,63,0,4,4,1920,640,2000,1,0,4,72,72,41502,15942,289,1115,304,153,871,0,0,4,72,1,0,0,10,0,0,0,0,0,1680,1760,1680,1760,0,0,0,4128,2208,12148,1112,0,0,0,1,0,100,68,37,35,33,29,66,68,0,0,97,0,0,0,0,0,0,9911,2383,2255,0,2162,93,888,888,100,4,1,0,0,0,0,0,0,0,0,0,0,0,0,0,0,0,0,0,0,0,100,0,0,0,0,0,0,142,326,186,127,783,9,3,96,4,0,11,4,26,24,50,37,0,0,0,0,100,0,0,0
56007,1824,2273,96,32,9999,0,0,625,0,0,0,4246,2653,0,0,63,0,4,4,1920,640,2000,1,0,4,71,72,42772,15942,289,1115,304,153,871,0,0,4,72,1,0,0,10,0,0,0,0,0,1680,1760,1680,1760,0,0,0,4128,2208,11792,1091,0,0,0,1,0,100,72,37,29,31,32,72,69,0,0,96,0,0,0,0,0,0,9911,2383,2255,0,2162,93,888,888,100,4,1,0,0,0,0,0,0,0,0,0,0,0,0,0,0,0,0,0,0,0,100,0,0,0,0,0,0,152,342,184,132,807,10,3,96,4,0,11,4,28,23,40,43,1,0,0,0,100,0,0,0
57006,1824,2273,96,32,9999,0,0,700,0,0,0,4246,2972,0,0,63,0,4,4,1920,640,2000,1,0,4,70,72,43282,15988,357,1313,345,141,1474,0,0,3,73,1,0,0,10,0,0,0,0,0,1680,1760,1680,1760,0,0,0,4128,2208,12864,1045,0,0,0,1,0,100,75,40,32,33,33,69,75,0,0,98,0,0,0,0,0,0,9911,2383,2255,0,2162,93,888,888,100,3,1,0,0,0,0,0,0,0,0,0,0,0,0,0,0,0,0,0,0,0,100,0,0,0,0,0,0,134,294,203,134,806,9,4,96,3,0,11,4,24,24,52,36,0,0,0,0,100,0,0,0
58058,1797,2150,96,32,9999,0,0,133,0,0,0,4246,564,0,0,63,0,4,4,1920,640,2000,1,0,4,70,72,43282,15988,357,1313,345,141,1474,0,0,3,73,1,0,0,10,0,0,0,0,0,1680,1760,1680,1760,0,0,0,4128,2208,12864,1045,0,0,0,1,0,100,75,40,32,33,33,69,75,0,0,98,0,0,0,0,0,0,9919,2259,2133,0,2041,92,890,890,100,3,1,0,0,0,0,0,0,0,0,0,0,0,0,0,0,0,0,0,0,0,100,0,0,0,0,0,0,0,0,42,111,-13,0,1,99,1,0,10,22,36,49,0,100,0,0,0,0,100,0,0,0
59006,1797,2150,96,32,9999,0,0,10,0,0,0,4246,42,0,0,63,0,4,4,1920,640,2000,1,0,4,70,72,43282,15988,357,1313,345,141,1474,0,0,3,73,1,0,0,10,0,0,0,0,0,1680,1760,1680,1760,0,0,0,4128,2208,12864,1045,0,0,0,1,0,100,75,40,32,33,33,69,75,0,0,98,0,0,0,0,0,0,9919,2259,2133,0,2041,92,890,890,100,3,1,0,0,0,0,0,0,0,0,0,0,0,0,0,0,0,0,0,0,0,100,0,0,0,0,0,0,0,0,42,111,-13,0,1,99,1,0,10,23,36,49,0,100,0,0,0,0,100,0,0,0
60007,1797,2150,96,32,9999,0,0,326,0,0,0,4246,1384,0,0,63,0,4,4,1920,640,2000,1,0,4,70,72,43282,15988,357,1313,345,141,1474,0,0,3,73,1,0,0,10,0,0,0,0,0,1680,1760,1680,1760,0,0,0,4128,2208,12864,1045,0,0,0,1,0,100,75,40,32,33,33,69,75,0,0,98,0,0,0,0,0,0,9919,2259,2133,0,2041,92,890,890,100,3,1,0,0,0,0,0,0,0,0,0,0,0,0,0,0,0,0,0,0,0,100,0,0,0,0,0,0,0,0,42,111,-11,0,1,99,1,0,10,23,36,49,0,100,0,0,0,0,100,0,0,0
68007,1797,2150,96,32,9999,0,0,583,0,0,0,4304,2509,0,0,63,0,4,3,2208,456,2000,1,0,4,42,72,49257,15126,297,557,117,68,240,0,0,72,72,1,0,0,10,0,0,0,0,0,1680,1760,1680,1760,0,0,0,4128,2208,65535,1095,0,0,0,1,0,100,85,46,43,41,73,85,84,0,0,21,0,0,0,0,0,0,9919,2259,2133,0,2041,92,890,890,100,0,0,0,0,0,0,0,0,0,0,0,0,0,0,0,0,0,0,0,0,0,100,0,0,0,0,0,0,243,574,185,130,999,16,3,96,4,0,10,4,28,23,37,46,1,0,0,0,100,0,0,0
69007,1797,2150,96,32,9999,0,0,707,0,0,0,4304,3042,0,0,63,0,4,4,2208,456,2000,1,0,4,21,72,61119,16207,482,1820,803,64,2221,3,13,61,73,1,0,0,10,0,0,0,0,0,1680,1760,1680,1760,0,0,0,4128,2208,13603,1124,0,0,0,1,0,100,70,37,39,36,23,70,50,0,0,68,0,0,0,0,0,0,9919,2259,2133,0,2041,92,890,890,100,230,177,0,0,0,0,0,0,0,0,0,0,0,0,0,0,0,0,0,0,0,100,0,0,0,0,0,0,476,999,169,128,999,31,3,96,4,0,10,4,29,24,38,45,0,0,0,0,100,0,0,0
70007,1797,2150,96,32,9999,0,0,1121,0,0,0,4304,4824,0,0,63,0,4,4,2208,456,2000,1,0,4,65,72,49749,16252,257,1741,345,68,1447,0,31,10,72,1,0,0,10,0,0,0,0,0,1680,1760,1680,1760,0,0,0,4128,2208,11611,1080,0,0,0,1,0,100,89,68,65,66,61,81,89,0,0,82,0,0,0,0,0,0,9919,2259,2133,0,2041,92,890,890,100,10,4,0,0,0,0,0,0,0,0,0,0,0,0,0,0,0,0,0,0,0,100,0,0,0,0,0,0,158,371,176,130,837,10,3,96,4,0,11,4,29,23,38,44,1,0,0,0,100,0,0,0
71007,1797,2150,96,32,9999,0,0,1078,0,0,0,4304,4639,0,0,63,0,4,4,2208,456,2000,1,0,4,71,72,44109,15873,291,1321,335,69,1215,0,24,0,72,1,0,0,10,0,0,0,0,0,1680,1760,1680,1760,0,0,0,4128,2208,12178,1092,0,0,0,1,0,100,95,92,93,91,90,94,95,0,0,91,0,0,0,0,0,0,9919,2259,2133,0,2041,92,890,890,100,0,0,0,0,0,0,0,0,0,0,0,0,0,0,0,0,0,0,0,0,0,100,0,0,0,0,0,0,145,349,176,131,783,9,3,96,4,0,10,5,30,20,38,44,1,0,0,0,100,0,0,0
72007,1797,2150,96,32,9999,0,0,524,0,0,0,4304,2255,0,0,63,0,4,4,2208,456,2000,1,0,4,71,72,40079,15798,368,1138,293,138,1349,2,0,6,73,1,0,0,10,0,0,0,0,0,1680,1760,1680,1760,0,0,0,4128,2208,11815,1089,0,0,0,1,0,100,81,57,52,52,46,81,75,0,0,94,0,0,0,0,0,0,9919,2259,2133,0,2041,92,890,890,100,6,1,0,0,0,0,0,0,0,0,0,0,0,0,0,0,0,0,0,0,0,100,0,0,0,0,0,0,157,353,170,126,761,10,3,96,4,0,10,4,29,22,38,45,0,0,0,0,100,0,0,0
73007,1797,2150,96,32,9999,0,0,645,0,0,0,4262,2748,0,0,63,0,4,4,2208,456,2000,1,0,4,72,72,36326,15862,349,1237,190,137,628,0,0,0,72,1,0,0,10,0,0,0,0,0,1680,1760,1680,1760,0,0,0,4128,2208,11755,1066,0,0,0,1,0,100,73,37,40,31,33,73,67,0,0,94,0,0,0,0,0,0,9919,2259,2133,0,2041,92,890,890,100,0,0,0,0,0,0,0,0,0,0,0,0,0,0,0,0,0,0,0,0,0,100,0,0,0,0,0,0,143,347,170,131,749,9,3,96,4,0,10,4,29,23,37,45,0,0,0,0,100,0,0,0
74007,1797,2150,96,32,9999,0,0,1029,0,0,0,4262,4385,0,0,63,0,3,4,2208,456,2000,1,0,4,72,72,35503,15554,343,908,152,148,663,0,0,0,72,1,0,0,10,0,0,0,0,0,1680,1760,1680,1760,0,0,0,4128,2208,12015,1077,0,0,0,1,0,100,75,41,40,35,31,68,75,0,0,94,0,0,0,0,0,0,9919,2259,2133,0,2041,92,890,890,100,0,0,0,0,0,0,0,0,0,0,0,0,0,0,0,0,0,0,0,0,0,100,0,0,0,0,0,0,141,405,163,129,807,9,3,96,4,0,9,4,28,21,33,51,0,0,0,0,100,0,0,0
75007,1797,2150,96,32,9999,0,0,647,0,0,0,4262,2757,0,0,63,0,4,4,1920,640,2000,1,0,4,71,72,36604,15346,342,752,171,70,1139,1,0,5,72,1,0,0,10,0,0,0,0,0,1680,1760,1680,1760,0,0,0,4128,2208,12093,1120,0,0,0,1,0,100,72,38,38,35,24,66,72,0,0,97,0,0,0,0,0,0,9919,2259,2133,0,2041,92,890,890,100,2,1,0,0,0,0,0,0,0,0,0,0,0,0,0,0,0,0,0,0,0,100,0,0,0,0,0,0,145,373,169,128,789,9,3,96,4,0,10,4,30,21,37,45,0,0,0,0,100,0,0,0
76007,1797,2150,96,32,9999,0,0,522,0,0,0,4262,2224,0,0,63,0,3,4,1920,640,2000,1,0,4,73,72,47683,15773,357,1125,333,138,1445,0,0,1,73,1,0,0,10,0,0,0,0,0,1680,1760,1680,1760,0,0,0,4128,2208,11871,1049,0,0,0,1,0,100,76,42,37,31,25,70,76,0,0,96,0,0,0,0,0,0,9919,2259,2133,0,2041,92,890,890,100,4,0,0,0,0,0,0,0,0,0,0,0,0,0,0,0,0,0,0,0,0,100,0,0,0,0,0,0,138,336,173,129,740,9,3,96,4,0,10,4,29,23,37,45,1,0,0,0,100,0,0,0
77008,1797,2150,96,32,9999,0,0,636,0,0,0,4262,2710,0,0,63,0,2,4,1920,640,2000,1,0,4,72,72,38509,16052,364,1420,201,76,771,0,5,0,72,1,0,0,10,0,0,0,0,0,1680,1760,1680,1760,0,0,0,4128,2208,11576,1108,0,0,0,1,0,100,76,42,37,31,25,70,76,0,0,94,0,0,0,0,0,0,9919,2259,2133,0,2041,92,890,890,100,0,0,0,0,0,0,0,0,0,0,0,0,0,0,0,0,0,0,0,0,0,100,0,0,0,0,0,0,139,343,171,128,745,9,3,96,4,0,10,4,29,23,38,44,0,0,0,0,100,0,0,0
78067,1665,2088,96,32,9999,0,0,521,0,0,0,4262,2220,0,0,63,0,2,4,1920,640,2000,1,0,4,72,72,35672,15608,356,1027,168,147,563,0,0,0,72,1,0,0,10,0,0,0,0,0,1680,1760,1680,1760,0,0,0,4128,2208,11970,1091,0,0,0,1,0,100,74,36,40,27,16,71,74,0,0,94,0,0,0,0,0,0,10145,2193,2073,0,1977,96,890,890,100,0,0,0,0,0,0,0,0,0,0,0,0,0,0,0,0,0,0,0,0,0,100,0,0,0,0,0,0,132,417,154,134,780,9,2,96,4,0,12,5,33,16,34,48,0,0,0,0,100,0,0,0
79007,1665,2088,96,32,9999,0,0,614,0,0,0,4262,2616,0,0,63,0,3,4,1920,640,2000,1,0,4,72,72,35970,15461,334,846,144,143,610,0,0,0,72,1,0,0,10,0,0,0,0,0,1680,1760,1680,1760,0,0,0,4128,2208,13130,1090,0,0,0,1,0,100,75,34,31,31,27,70,75,0,0,97,0,0,0,0,0,0,10145,2193,2073,0,1977,96,890,890,100,0,0,0,0,0,0,0,0,0,0,0,0,0,0,0,0,0,0,0,0,0,100,0,0,0,0,0,0,147,379,164,131,772,10,3,96,4,0,14,5,32,17,36,46,0,0,0,0,100,0,0,0
80008,1665,2088,96,32,9999,0,0,1143,0,0,0,4262,4871,0,0,63,0,4,4,1920,640,2000,1,0,4,70,72,45342,15747,374,1194,376,132,1362,1,0,7,73,1,0,0,10,0,0,0,0,0,1680,1760,1680,1760,0,0,0,4128,2208,12493,1094,0,0,0,1,0,100,75,46,46,35,31,74,75,0,0,98,0,0,0,0,0,0,10145,2193,2073,0,1977,96,890,890,100,4,1,0,0,0,0,0,0,0,0,0,0,0,0,0,0,0,0,0,0,0,100,0,0,0,0,0,0,153,421,148,130,756,10,2,95,4,0,15,5,33,18,34,49,0,0,0,0,100,0,0,0
81008,1665,2088,96,32,9999,0,0,1001,0,0,0,4262,4266,0,0,63,0,4,4,1920,640,2000,1,0,4,72,72,45309,15896,357,1211,202,143,976,0,0,2,72,1,0,0,10,0,0,0,0,0,1680,1760,1680,1760,0,0,0,4128,2208,15049,1114,0,0,0,1,0,100,85,64,67,63,58,85,82,0,0,99,0,0,0,0,0,0,10145,2193,2073,0,1977,96,890,890,100,2,1,0,0,0,0,0,0,0,0,0,0,0,0,0,0,0,0,0,0,0,100,0,0,0,0,0,0,153,356,151,132,670,10,2,95,5,1,13,5,34,17,36,48,0,0,0,0,100,0,0,0
82008,1665,2088,96,32,9999,0,0,595,0,0,0,4262,2535,0,0,63,0,4,4,1920,640,2000,1,0,4,62,72,50212,15887,318,1215,311,150,1416,1,3,11,73,1,0,0,10,0,0,0,0,0,1680,1760,1680,1760,0,0,0,4128,2208,12132,1096,0,0,0,1,0,100,98,92,91,90,91,97,98,0,0,99,0,0,0,0,0,0,10145,2193,2073,0,1977,96,890,890,100,2,1,0,0,0,0,0,0,0,0,0,0,0,0,0,0,0,0,0,0,0,100,0,0,0,0,0,0,177,413,168,133,874,12,3,95,4,0,13,4,30,22,37,46,0,0,0,0,100,0,0,0
83008,1665,2088,95,33,9999,0,0,812,0,0,0,4252,3452,0,0,63,0,4,4,1920,640,2000,1,0,4,71,72,43460,15918,332,1320,273,137,1454,0,3,2,73,1,0,0,10,0,0,0,0,0,1680,1760,1680,1760,0,0,0,4128,2208,13558,1086,0,0,0,1,0,100,83,57,50,52,55,77,83,0,0,99,0,0,0,0,0,0,10145,2193,2073,0,1977,96,890,890,100,1,1,0,0,0,0,0,0,0,0,0,0,0,0,0,0,0,0,0,0,0,100,0,0,0,0,0,0,153,316,180,130,745,10,3,95,4,1,10,4,28,23,39,45,0,0,0,0,100,0,0,0
84008,1665,2088,95,33,9999,0,0,27,0,0,0,4252,114,0,0,63,0,4,4,1920,640,2000,1,0,4,71,72,43460,15918,332,1320,273,137,1454,0,3,2,73,1,0,0,10,0,0,0,0,0,1680,1760,1680,1760,0,0,0,4128,2208,13558,1086,0,0,0,1,0,100,83,57,50,52,55,77,83,0,0,99,0,0,0,0,0,0,10145,2193,2073,0,1977,96,890,890,100,1,1,0,0,0,0,0,0,0,0,0,0,0,0,0,0,0,0,0,0,0,100,0,0,0,0,0,0,0,0,42,111,-11,0,1,99,1,0,10,25,36,49,0,100,0,0,0,0,100,0,0,0
85008,1665,2088,95,33,9999,0,0,62,0,0,0,4252,263,0,0,63,0,4,4,1920,640,2000,1,0,4,71,72,43460,15918,332,1320,273,137,1454,0,3,2,73,1,0,0,10,0,0,0,0,0,1680,1760,1680,1760,0,0,0,4128,2208,13558,1086,0,0,0,1,0,100,83,57,50,52,55,77,83,0,0,99,0,0,0,0,0,0,10145,2193,2073,0,1977,96,890,890,100,1,1,0,0,0,0,0,0,0,0,0,0,0,0,0,0,0,0,0,0,0,100,0,0,0,0,0,0,0,4,42,111,-9,0,1,99,1,0,10,22,36,48,0,100,0,0,0,0,100,0,0,0
94008,1665,2088,95,33,9999,0,0,19,0,0,0,4307,81,0,0,63,0,4,3,2208,545,2000,1,0,4,43,72,47967,15041,315,665,144,65,168,0,0,73,73,1,0,0,10,0,0,0,0,0,1680,1760,1680,1760,0,0,0,4128,2208,65535,1103,0,0,0,1,0,100,87,39,36,30,51,83,87,0,0,13,0,0,0,0,0,0,10145,2193,2073,0,1977,96,890,890,100,0,0,0,0,0,0,0,0,0,0,0,0,0,0,0,0,0,0,0,0,0,100,0,0,0,0,0,0,244,581,188,132,999,16,3,96,4,0,12,4,27,24,35,48,1,0,0,0,100,0,0,0
95009,1665,2088,95,33,9999,0,0,381,0,0,0,4307,1640,0,0,63,0,4,4,2208,640,2000,1,0,4,21,72,62751,19028,1731,4464,1823,65,4653,0,5,64,73,1,0,0,10,0,0,0,0,0,1680,1760,1680,1760,0,0,0,4128,2208,9531,1026,0,0,0,1,0,100,91,39,41,32,62,91,91,0,0,58,0,0,0,0,0,0,10145,2193,2073,0,1977,96,890,890,100,224,174,0,0,0,0,0,0,0,0,0,0,0,0,0,0,0,0,0,0,0,100,0,0,0,0,0,0,484,999,178,130,999,32,3,96,4,0,12,4,28,23,37,46,1,0,0,0,100,0,0,0
96009,1665,2088,95,33,9999,0,0,950,0,0,0,4307,4091,0,0,63,0,4,4,2208,640,2000,1,0,4,65,72,49313,17683,668,3131,564,67,1420,0,29,10,72,1,0,0,10,0,0,0,0,0,1680,1760,1680,1760,0,0,0,4128,2208,12320,1075,0,0,0,1,0,100,68,37,40,35,22,59,68,0,0,83,0,0,0,0,0,0,10145,2193,2073,0,1977,96,890,890,100,10,4,0,0,0,0,0,0,0,0,0,0,0,0,0,0,0,0,0,0,0,100,0,0,0,0,0,0,149,353,175,134,800,10,3,96,4,0,12,4,28,23,36,46,1,0,0,0,100,0,0,0
97009,1665,2088,95,33,9999,0,0,638,0,0,0,4307,2747,0,0,63,0,4,4,2208,640,2000,1,0,4,70,72,51533,16202,300,1756,441,141,1432,0,30,1,72,1,0,0,10,0,0,0,0,0,1680,1760,1680,1760,0,0,0,4128,2208,16233,1081,0,0,0,1,0,100,73,39,39,34,27,70,73,0,0,93,0,0,0,0,0,0,10145,2193,2073,0,1977,96,890,890,100,1,1,0,0,0,0,0,0,0,0,0,0,0,0,0,0,0,0,0,0,0,100,0,0,0,0,0,0,130,310,186,128,759,8,4,96,3,0,12,4,26,22,52,35,0,0,0,0,100,0,0,0
98067,1987,2093,95,33,9999,0,0,559,0,0,0,4307,2407,0,0,63,0,4,4,2208,640,2000,1,0,4,64,72,45345,16077,332,1518,314,141,1149,0,1,14,72,1,0,0,10,0,0,0,0,0,1680,1760,1680,1760,0,0,0,4128,2208,14358,1086,0,0,0,1,0,100,68,38,32,33,23,64,68,0,0,97,0,0,0,0,0,0,10158,2201,2077,0,1985,91,890,890,100,9,1,0,0,0,0,0,0,0,0,0,0,0,0,0,0,0,0,0,0,0,100,0,0,0,0,0,0,173,389,178,129,881,11,3,96,4,0,12,4,28,23,37,46,1,0,0,0,100,0,0,0
99009,1987,2093,95,33,9999,0,0,769,0,0,0,4307,3312,0,0,63,0,4,4,2208,640,2000,1,0,4,66,72,50723,16017,342,1305,308,140,1396,0,4,10,72,1,0,0,10,0,0,0,0,0,1680,1760,1680,1760,0,0,0,4128,2208,12171,1077,0,0,0,1,0,100,74,40,33,32,26,74,67,0,0,98,0,0,0,0,0,0,10158,2201,2077,0,1985,91,890,890,100,2,1,0,0,0,0,0,0,0,0,0,0,0,0,0,0,0,0,0,0,0,100,0,0,0,0,0,0,161,370,184,133,874,11,3,96,4,0,13,4,28,22,37,45,1,0,0,0,100,0,0,0
100009,1987,2093,95,33,9999,0,0,1155,0,0,0,4307,4974,0,0,63,0,4,4,2208,640,2000,1,0,4,73,72,52131,16184,298,1181,459,180,1731,0,0,0,72,1,0,0,10,0,0,0,0,0,1680,1760,1680,1760,0,0,0,4128,2208,12779,1103,0,0,0,1,0,100,75,36,36,35,33,67,75,0,0,99,0,0,0,0,0,0,10158,2201,2077,0,1985,91,890,890,100,0,0,0,0,0,0,0,0,0,0,0,0,0,0,0,0,0,0,0,0,0,100,0,0,0,0,0,0,152,342,176,128,765,10,3,96,4,0,13,4,28,22,40,44,0,0,0,0,100,0,0,0
101011,1987,2093,95,33,9999,0,0,1333,0,0,0,4307,5741,0,0,63,0,4,4,2208,640,2000,1,0,4,67,72,50571,16231,278,1390,459,77,1521,1,12,7,73,1,0,0,10,0,0,0,0,0,1680,1760,1680,1760,0,0,0,4128,2208,14289,1112,0,0,0,1,0,100,90,76,75,74,69,89,90,0,0,98,0,0,0,0,0,0,10158,2201,2077,0,1985,91,890,890,100,4,1,0,0,0,0,0,0,0,0,0,0,0,0,0,0,0,0,0,0,0,100,0,0,0,0,0,0,147,333,178,127,775,9,3,96,4,0,12,4,28,21,43,41,0,0,0,0,100,0,0,0
102010,1987,2093,95,33,9999,0,0,748,0,0,0,4307,3221,0,0,63,0,4,4,2208,640,2000,1,0,4,63,72,52216,16172,345,1461,263,149,1429,0,9,15,72,1,0,0,10,0,0,0,0,0,1680,1760,1680,1760,0,0,0,4128,2208,13429,1088,0,0,0,1,0,100,96,93,93,92,92,95,96,0,0,99,0,0,0,0,0,0,10158,2201,2077,0,1985,91,890,890,100,5,1,0,0,0,0,0,0,0,0,0,0,0,0,0,0,0,0,0,0,0,100,0,0,0,0,0,0,168,397,182,132,920,11,3,96,4,0,13,4,28,23,39,44,1,0,0,0,100,0,0,0
103010,1987,2093,95,33,9999,0,0,784,0,0,0,4248,3330,0,0,63,0,4,4,2208,640,2000,1,0,4,71,72,49245,16010,357,1458,234,138,1348,0,8,3,72,1,0,0,10,0,0,0,0,0,1680,1760,1680,1760,0,0,0,4128,2208,12270,1064,0,0,0,1,0,100,75,66,62,69,48,73,75,0,0,99,0,0,0,0,0,0,10158,2201,2077,0,1985,91,890,890,100,2,1,0,0,0,0,0,0,0,0,0,0,0,0,0,0,0,0,0,0,0,100,0,0,0,0,0,0,153,342,183,135,803,10,3,96,4,0,14,4,28,22,37,45,1,0,0,0,100,0,0,0
104010,1987,2093,95,33,9999,0,0,654,0,0,0,4248,2778,0,0,63,0,4,4,2208,640,2000,1,0,4,73,72,51852,16051,328,1223,422,147,1723,0,0,0,72,1,0,0,10,0,0,0,0,0,1680,1760,1680,1760,0,0,0,4128,2208,13066,1074,0,0,0,1,0,100,74,39,32,38,27,72,74,0,0,98,0,0,0,0,0,0,10158,2201,2077,0,1985,91,890,890,100,0,0,0,0,0,0,0,0,0,0,0,0,0,0,0,0,0,0,0,0,0,100,0,0,0,0,0,0,126,361,165,132,748,8,3,96,4,0,13,4,31,20,34,49,0,0,0,0,100,0,0,0
105012,1987,2093,95,33,9999,0,0,633,0,0,0,4248,2688,0,0,63,0,4,4,1920,640,2000,1,0,4,67,72,48124,16190,270,1450,393,72,1625,0,4,7,72,1,0,0,10,0,0,0,0,0,1680,1760,1680,1760,0,0,0,4128,2208,13611,1092,0,0,0,1,0,100,72,40,41,38,35,72,72,0,0,99,0,0,0,0,0,0,10158,2201,2077,0,1985,91,890,890,100,4,1,0,0,0,0,0,0,0,0,0,0,0,0,0,0,0,0,0,0,0,100,0,0,0,0,0,0,158,444,151,131,817,10,3,96,4,0,15,6,31,15,41,44,0,0,0,0,100,0,0,0
106011,1987,2093,95,33,9999,0,0,505,0,0,0,4248,2145,0,0,63,0,4,4,1920,640,2000,1,0,4,66,72,48992,16180,284,1467,343,145,1410,0,6,6,73,1,0,0,10,0,0,0,0,0,1680,1760,1680,1760,0,0,0,4128,2208,13262,1075,0,0,0,1,0,100,74,41,39,40,20,74,66,0,0,99,0,0,0,0,0,0,10158,2201,2077,0,1985,91,890,890,100,1,1,0,0,0,0,0,0,0,0,0,0,0,0,0,0,0,0,0,0,0,100,0,0,0,0,0,0,168,418,160,133,827,11,2,95,4,0,16,4,31,19,35,48,0,0,0,0,100,0,0,0
107010,1987,2093,95,33,9999,0,0,731,0,0,0,4248,3105,0,0,63,0,4,4,1920,640,2000,1,0,4,68,72,47748,15971,311,1308,254,148,1193,0,11,6,72,1,0,0,10,0,0,0,0,0,1680,1760,1680,1760,0,0,0,4128,2208,16439,1119,0,0,0,1,0,100,73,40,34,37,29,73,72,0,0,99,0,0,0,0,0,0,10158,2201,2077,0,1985,91,890,890,100,2,1,0,0,0,0,0,0,0,0,0,0,0,0,0,0,0,0,0,0,0,100,0,0,0,0,0,0,130,383,152,139,726,9,3,95,4,1,17,6,31,18,39,46,0,0,0,0,100,0,0,0
108010,1987,2093,95,33,9999,0,0,676,0,0,0,4248,2871,0,0,63,0,4,4,1920,640,2000,1,0,4,58,72,52530,15913,312,1246,330,141,1388,0,2,17,73,1,0,0,10,0,0,0,0,0,1680,1760,1680,1760,0,0,0,4128,2208,13995,1089,0,0,0,1,0,100,79,42,32,31,24,74,79,0,0,99,0,0,0,0,0,0,10158,2201,2077,0,1985,91,890,890,100,2,1,0,0,0,0,0,0,0,0,0,0,0,0,0,0,0,0,0,0,0,100,0,0,0,0,0,0,190,417,178,135,955,13,3,95,4,0,15,5,29,20,39,44,0,0,0,0,100,0,0,0
109010,1987,2093,95,33,9999,0,0,941,0,0,0,4248,3997,0,0,63,0,4,4,1920,640,2000,1,0,4,67,72,45105,15900,327,1350,279,144,1465,0,9,8,72,1,0,0,10,0,0,0,0,0,1680,1760,1680,1760,0,0,0,4128,2208,14408,1141,0,0,0,1,0,100,70,40,35,37,27,66,70,0,0,99,0,0,0,0,0,0,10158,2201,2077,0,1985,91,890,890,100,2,1,0,0,0,0,0,0,0,0,0,0,0,0,0,0,0,0,0,0,0,100,0,0,0,0,0,0,148,298,178,135,711,10,3,95,4,1,16,4,27,24,47,39,0,0,0,0,100,0,0,0
110011,1987,2093,95,33,9999,0,0,253,0,0,0,4194,1061,0,0,63,0,4,4,1920,640,2000,1,0,4,61,72,51281,16105,337,1496,269,146,1451,0,1,12,73,1,0,0,10,0,0,0,0,0,1680,1760,1680,1760,0,0,0,4128,2208,14558,1160,0,0,0,1,0,100,76,50,48,44,30,74,76,0,0,99,0,0,0,0,0,0,10158,2201,2077,0,1985,91,890,890,100,2,1,0,0,0,0,0,0,0,0,0,0,0,0,0,0,0,0,0,0,0,100,0,0,0,0,0,0,0,0,42,111,-15,0,1,99,1,0,10,24,36,49,0,100,0,0,0,0,100,0,0,0
111012,1987,2093,95,33,9999,0,0,278,0,0,0,4194,1165,0,0,63,0,4,4,1920,640,2000,1,0,4,61,72,51281,16105,337,1496,269,146,1451,0,1,12,73,1,0,0,10,0,0,0,0,0,1680,1760,1680,1760,0,0,0,4128,2208,14558,1160,0,0,0,1,0,100,76,50,48,44,30,74,76,0,0,99,0,0,0,0,0,0,10158,2201,2077,0,1985,91,890,890,100,2,1,0,0,0,0,0,0,0,0,0,0,0,0,0,0,0,0,0,0,0,100,0,0,0,0,0,0,0,14,42,111,-6,0,1,99,1,0,10,21,36,49,0,100,0,0,0,0,100,0,0,0
112010,1987,2093,95,33,9999,0,0,61,0,0,0,4194,255,0,0,63,0,4,4,1920,640,2000,1,0,4,61,72,51281,16105,337,1496,269,146,1451,0,1,12,73,1,0,0,10,0,0,0,0,0,1680,1760,1680,1760,0,0,0,4128,2208,14558,1160,0,0,0,1,0,100,76,50,48,44,30,74,76,0,0,99,0,0,0,0,0,0,10158,2201,2077,0,1985,91,890,890,100,2,1,0,0,0,0,0,0,0,0,0,0,0,0,0,0,0,0,0,0,0,100,0,0,0,0,0,0,0,0,42,111,-15,0,1,99,1,0,10,21,36,49,0,100,0,0,0,0,100,0,0,0
113011,1987,2093,95,33,9999,0,0,27,0,0,0,4298,116,0,0,63,0,4,4,1920,640,2000,1,0,4,61,72,51281,16105,337,1496,269,146,1451,0,1,12,73,1,0,0,10,0,0,0,0,0,1680,1760,1680,1760,0,0,0,4128,2208,14558,1160,0,0,0,1,0,100,76,50,48,44,30,74,76,0,0,99,0,0,0,0,0,0,10158,2201,2077,0,1985,91,890,890,100,2,1,0,0,0,0,0,0,0,0,0,0,0,0,0,0,0,0,0,0,0,100,0,0,0,0,0,0,0,0,42,111,-15,0,1,99,1,0,10,21,36,49,0,100,0,0,0,0,100,0,0,0
120011,2308,1760,95,33,9999,0,0,628,0,0,0,4298,2699,0,0,63,0,3,3,2208,492,2000,1,0,4,35,72,50733,14858,351,505,57,65,181,0,0,72,72,1,0,0,10,0,0,0,0,0,1680,1760,1680,1760,0,0,0,4128,2208,15999,1057,0,0,0,1,0,100,87,39,29,33,35,87,83,0,0,25,0,0,0,0,0,0,9897,1868,1743,0,1652,91,632,632,100,0,0,0,0,0,0,0,0,0,0,0,0,0,0,0,0,0,0,0,0,0,100,0,0,0,0,0,0,202,603,234,125,999,13,5,98,2,0,18,5,23,25,56,29,0,0,0,0,100,0,0,0
121062,2308,1760,95,33,9999,0,0,1055,0,0,0,4298,4534,0,0,63,0,4,4,2208,492,2000,1,0,4,41,72,55050,16347,714,1820,773,69,2055,3,9,42,73,1,0,0,10,0,0,0,0,0,1680,1760,1680,1760,0,0,0,4128,2208,16239,1073,0,0,0,1,0,100,96,80,76,76,78,96,95,0,0,75,0,0,0,0,0,0,9897,1868,1743,0,1652,91,632,632,100,190,168,0,0,0,0,0,0,0,0,0,0,0,0,0,0,0,0,0,0,0,93,0,0,0,0,0,0,72,614,104,114,766,4,2,98,2,0,12,5,26,33,38,52,0,0,0,0,100,0,0,0
122011,2308,1760,95,33,9999,0,0,703,0,0,0,4298,3021,0,0,63,0,4,4,2208,492,2000,1,0,4,46,72,54583,16553,483,1827,308,65,1241,0,3,26,45,4,0,0,10,0,0,0,0,0,1680,1760,1680,1760,0,0,0,4128,2208,19240,2755,0,0,0,1,0,100,97,92,91,92,90,97,95,0,0,84,0,0,0,0,0,0,9897,1868,1743,0,1652,91,632,632,100,2,1,0,0,0,0,0,0,0,0,0,0,0,0,0,0,0,0,0,0,0,100,0,0,0,0,0,0,185,738,165,122,999,11,3,97,3,0,15,4,26,23,45,43,0,0,0,0,100,0,0,0