trial,fixture,target,variant,frames,mean_ms,median_ms,p95_ms,p99_ms,average_fps,one_percent_low_fps,over_budget_percent,renderer_cpu_ms,renderer_gpu_ms,draw_calls,primitives,max_head_translation_m,max_head_angle_deg
2,terrain-sweep,deployment,terrain-triplanar,175,34.447168,34.2931,36.3485,36.6084,29.029963,27.264783,100,0.426034,34.145983,134.062857,262129.765714,0.006447,0.727393
3,terrain-sweep,deployment,terrain-albedo-only,417,14.395321,14.3369,15.1955,15.6937,69.467018,62.573602,92.565947,0.487146,14.124295,134.393285,262222.009592,0.003546,0.658491
4,terrain-sweep,deployment,sky-panorama,363,16.567437,16.3896,18.0958,18.6375,60.359368,52.55275,100,0.408945,16.287063,134.190083,262175.247934,0.004691,0.416841
5,terrain-sweep,deployment,hud-hidden,340,17.675426,17.5261,18.9569,19.4233,56.575723,51.075458,100,0.493797,17.646471,77.976471,260797.261765,0.0085,0.874916
6,terrain-sweep,deployment,cockpit-hidden,432,13.89015,13.89065,14.3322,14.5285,71.993464,68.687357,50.694444,0.4974,13.34756,127.118056,211919.358796,0.001873,0.377424
7,terrain-sweep,deployment,cockpit-uv,292,20.570732,20.50025,21.9464,23.154,48.612757,42.905626,100,0.513695,20.270877,134.284247,262130.167808,0.003493,0.726316
8,terrain-sweep,deployment,cockpit-uv-baked,359,16.751774,16.5416,18.2127,18.5446,59.69517,53.470717,100,0.495295,16.464911,133.955432,262117.735376,0.00212,0.689838
9,terrain-sweep,deployment,rocks-hidden,328,18.318638,18.20265,19.6043,20.3659,54.589212,47.804175,100,0.465076,18.011811,115.387195,260505.557927,0.00579,1.004052
10,terrain-sweep,deployment,baseline,334,18.004916,17.83355,19.3181,19.8172,55.540387,50.165483,100,0.50094,17.725287,132.805389,261831.146707,0.002356,0.351659
11,enemy-front,Enemy-Falcon Firemoth-2,baseline,331,18.151079,17.9992,19.4948,20.0188,55.093145,49.423353,100,0.567245,17.869628,183.371601,255347.498489,0.002036,0.609093
12,enemy-front,Enemy-Falcon Firemoth-2,rocks-hidden,339,17.707693,17.5616,18.9833,19.4304,56.472631,50.969439,100,0.489333,17.43967,148.926254,250920.852507,0.001859,0.306467
13,enemy-front,Enemy-Falcon Firemoth-2,cockpit-uv-baked,362,16.604645,16.3458,18.1563,18.4554,60.224112,53.91773,100,0.552472,16.34053,183.494475,255435.31768,0.001375,0.279765
14,enemy-front,Enemy-Falcon Firemoth-2,cockpit-uv,295,20.36947,20.3385,21.4929,22.1298,49.093079,43.650141,100,0.581953,20.107237,183.59661,255450.894915,0.002387,0.518888
15,enemy-front,Enemy-Falcon Firemoth-2,cockpit-hidden,432,13.888933,13.86675,14.3571,14.7986,71.999771,67.185789,45.833333,0.509417,13.650692,176.134259,205188.534722,0.004312,0.786339
16,enemy-front,Enemy-Falcon Firemoth-2,hud-hidden,336,17.902468,17.67485,19.4537,19.7859,55.858222,50.307252,100,0.576461,17.881759,126.916667,254141.467262,0.002498,0.974781
17,enemy-front,Enemy-Falcon Firemoth-2,sky-panorama,367,16.374918,16.1942,17.4444,17.9668,61.069008,54.213691,100,0.482322,16.109954,183.351499,255484.386921,0.00122,0.167859
18,enemy-front,Enemy-Falcon Firemoth-2,terrain-albedo-only,418,14.358509,14.2879,15.2246,15.6906,69.645116,62.884934,92.583732,0.564189,14.113158,183.437799,255521.956938,0.006007,1.073379
19,enemy-front,Enemy-Falcon Firemoth-2,terrain-triplanar,164,36.617566,36.62915,37.5999,37.9092,27.309297,26.315789,100,0.479799,36.373579,183.176829,255495.512195,0.003686,1.063121
20,enemy-front,Enemy-Falcon Firemoth-2,baseline,332,18.096014,17.92015,19.3864,19.8653,55.260788,50.117902,100,0.562922,17.845334,182.509036,255372.671687,0.003261,0.831807
21,building-sweep,YELLARE6_BWD-1,baseline,319,18.831419,18.6696,20.1337,20.6174,53.102743,48.093166,100,0.751229,18.54595,249.056426,270600.225705,0.002524,0.399585
22,building-sweep,YELLARE6_BWD-1,terrain-triplanar,167,36.033886,36.0705,37.2919,38.0862,27.751656,26.209366,100,0.660743,35.683683,248.772455,270626.664671,0.003195,0.657301
23,building-sweep,YELLARE6_BWD-1,terrain-albedo-only,394,15.242778,15.10645,16.4086,17.0107,65.60484,58.011623,100,0.723911,14.982221,248.812183,270620.873096,0.002895,0.416841
24,building-sweep,YELLARE6_BWD-1,sky-panorama,349,17.231283,17.0551,18.5331,19.0361,58.033985,52.089641,100,0.623625,16.970656,248.587393,270589.82235,0.002174,0.366908
25,building-sweep,YELLARE6_BWD-1,hud-hidden,324,18.524946,18.491,19.5327,19.9032,53.981263,48.899337,100,0.741441,18.499756,194.070988,269186.925926,0.002348,0.362617
26,building-sweep,YELLARE6_BWD-1,cockpit-hidden,416,14.42533,14.34615,15.3064,15.9141,69.322505,62.443567,99.038462,0.707344,14.164325,239.846154,220274.971154,0.001549,0.323851
27,building-sweep,YELLARE6_BWD-1,cockpit-uv,286,21.030978,21.07605,22.1468,22.7353,47.548905,43.613082,100,0.756196,20.763689,247.479021,270534.451049,0.001732,0.333378
28,building-sweep,YELLARE6_BWD-1,cockpit-uv-baked,345,17.400403,17.1334,18.9,19.3758,57.469933,51.052381,100,0.723171,17.117299,247.153623,270553.217391,0.002295,0.442348
29,building-sweep,YELLARE6_BWD-1,rocks-hidden,328,18.34253,18.1754,19.8009,20.1407,54.518108,49.583499,100,0.613415,18.062189,194.716463,264727.118902,0.002613,0.637965
30,building-sweep,YELLARE6_BWD-1,baseline,315,19.060727,18.9799,20.4294,20.7658,52.463895,47.887732,100,0.751384,18.78674,247.393651,270558.685714,0.002901,0.602634
31,missile-salvo,scripted non-damaging salvo,baseline,307,19.58443,19.5345,21.0033,21.766,51.06097,45.097557,100,0.589169,18.891456,174.403909,268947.09772,0.014602,1.512843
32,missile-salvo,scripted non-damaging salvo,rocks-hidden,308,19.538215,19.37575,21.206,21.7927,51.181748,42.848068,100,0.54349,18.774662,156.392857,267150.824675,0.001895,0.411169
33,missile-salvo,scripted non-damaging salvo,cockpit-uv-baked,330,18.191755,18.06,19.7073,20.399,54.969959,43.619408,100,0.561915,17.484433,174.357576,268254.078788,0.002485,0.50513
34,missile-salvo,scripted non-damaging salvo,cockpit-uv,274,21.912937,21.89655,23.2404,23.6167,45.635142,36.850555,100,0.570339,21.130993,174.328467,267702.890511,0.002658,0.581482
35,missile-salvo,scripted non-damaging salvo,cockpit-hidden,398,15.11244,15.0178,16.5432,17.0089,66.170653,47.059986,99.497487,0.551651,14.461465,166.286432,217125.613065,0.003241,0.444114
36,missile-salvo,scripted non-damaging salvo,hud-hidden,314,19.124028,18.97595,20.5181,20.9718,52.290238,41.180861,100,0.582557,18.634997,118.267516,265960.350318,0.008344,2.273139
37,missile-salvo,scripted non-damaging salvo,sky-panorama,336,17.888131,17.7174,19.5056,20.2806,55.902991,40.299547,100,0.506905,17.174411,173.755952,269044.315476,0.002435,0.403483
38,missile-salvo,scripted non-damaging salvo,terrain-albedo-only,393,15.274464,15.1418,16.513,17.0202,65.468745,48.178027,100,0.582885,14.615448,173.783715,269019.254453,0.002339,0.391671
39,missile-salvo,scripted non-damaging salvo,terrain-triplanar,166,36.21858,36.1623,38.1775,38.7318,27.610138,25.689044,100,0.514169,35.255193,173.680723,269075.939759,0.002179,0.418714
40,missile-salvo,scripted non-damaging salvo,baseline,312,19.266316,19.155,20.7891,21.1833,51.904058,46.839669,100,0.588497,18.569981,173.775641,269036.538462,0.020156,3.645937
